date,variable,value
1967-07-01,pce,506.7
1967-08-01,pce,509.8
1967-09-01,pce,515.6
1967-10-01,pce,512.2
1967-11-01,pce,517.4
1967-12-01,pce,525.1
1968-01-01,pce,530.9
1968-02-01,pce,533.6
1968-03-01,pce,544.3
1968-04-01,pce,544
1968-05-01,pce,549.8
1968-06-01,pce,556.3
1968-07-01,pce,563.2
1968-08-01,pce,567
1968-09-01,pce,568.2
1968-10-01,pce,571.6
1968-11-01,pce,576.7
1968-12-01,pce,576.5
1969-01-01,pce,583.5
1969-02-01,pce,588.7
1969-03-01,pce,588.9
1969-04-01,pce,593.9
1969-05-01,pce,600.3
1969-06-01,pce,600.9
1969-07-01,pce,602.7
1969-08-01,pce,609.9
1969-09-01,pce,613.2
1969-10-01,pce,618.5
1969-11-01,pce,620.5
1969-12-01,pce,622.8
1970-01-01,pce,628.7
1970-02-01,pce,634
1970-03-01,pce,632.3
1970-04-01,pce,636
1970-05-01,pce,642.4
1970-06-01,pce,646.3
1970-07-01,pce,648.5
1970-08-01,pce,652.9
1970-09-01,pce,659.1
1970-10-01,pce,658.3
1970-11-01,pce,656.6
1970-12-01,pce,665.6
1971-01-01,pce,676.1
1971-02-01,pce,679.4
1971-03-01,pce,682
1971-04-01,pce,688.8
1971-05-01,pce,691.1
1971-06-01,pce,699.8
1971-07-01,pce,698.9
1971-08-01,pce,704.9
1971-09-01,pce,713
1971-10-01,pce,715.8
1971-11-01,pce,720.9
1971-12-01,pce,728.4
1972-01-01,pce,731.5
1972-02-01,pce,736.2
1972-03-01,pce,749.2
1972-04-01,pce,752.5
1972-05-01,pce,758
1972-06-01,pce,761.6
1972-07-01,pce,769.9
1972-08-01,pce,776.3
1972-09-01,pce,781.1
1972-10-01,pce,794.9
1972-11-01,pce,800.5
1972-12-01,pce,806.1
1973-01-01,pce,816.5
1973-02-01,pce,825.8
1973-03-01,pce,832.8
1973-04-01,pce,835.7
1973-05-01,pce,841.6
1973-06-01,pce,844.3
1973-07-01,pce,854.1
1973-08-01,pce,853.3
1973-09-01,pce,869.2
1973-10-01,pce,868.2
1973-11-01,pce,876.9
1973-12-01,pce,876.6
1974-01-01,pce,884.5
1974-02-01,pce,889.7
1974-03-01,pce,901.4
1974-04-01,pce,910.8
1974-05-01,pce,922.4
1974-06-01,pce,928
1974-07-01,pce,937.9
1974-08-01,pce,954.8
1974-09-01,pce,955.1
1974-10-01,pce,959.2
1974-11-01,pce,956.2
1974-12-01,pce,961.8
1975-01-01,pce,975.6
1975-02-01,pce,989.4
1975-03-01,pce,990.6
1975-04-01,pce,995
1975-05-01,pce,1018.9
1975-06-01,pce,1026.8
1975-07-01,pce,1039.8
1975-08-01,pce,1047
1975-09-01,pce,1054.8
1975-10-01,pce,1060.9
1975-11-01,pce,1075.8
1975-12-01,pce,1092.1
1976-01-01,pce,1107.1
1976-02-01,pce,1107.7
1976-03-01,pce,1114.9
1976-04-01,pce,1125.4
1976-05-01,pce,1122.7
1976-06-01,pce,1140.5
1976-07-01,pce,1149.6
1976-08-01,pce,1158
1976-09-01,pce,1168.8
1976-10-01,pce,1176.8
1976-11-01,pce,1189
1976-12-01,pce,1211.5
1977-01-01,pce,1215
1977-02-01,pce,1231.3
1977-03-01,pce,1238.3
1977-04-01,pce,1247.3
1977-05-01,pce,1257.1
1977-06-01,pce,1263.6
1977-07-01,pce,1280.5
1977-08-01,pce,1285.7
1977-09-01,pce,1294.5
1977-10-01,pce,1311.4
1977-11-01,pce,1327
1977-12-01,pce,1336
1978-01-01,pce,1329.5
1978-02-01,pce,1355.1
1978-03-01,pce,1377.5
1978-04-01,pce,1396.4
1978-05-01,pce,1412
1978-06-01,pce,1425.8
1978-07-01,pce,1426.8
1978-08-01,pce,1447
1978-09-01,pce,1452.9
1978-10-01,pce,1466.9
1978-11-01,pce,1480.6
1978-12-01,pce,1496.5
1979-01-01,pce,1502.4
1979-02-01,pce,1517.8
1979-03-01,pce,1531.2
1979-04-01,pce,1538.4
1979-05-01,pce,1558.8
1979-06-01,pce,1575.7
1979-07-01,pce,1586.1
1979-08-01,pce,1615.6
1979-09-01,pce,1633.9
1979-10-01,pce,1641.6
1979-11-01,pce,1657.3
1979-12-01,pce,1666.3
1980-01-01,pce,1697.3
1980-02-01,pce,1701.4
1980-03-01,pce,1708.2
1980-04-01,pce,1695.2
1980-05-01,pce,1700.1
1980-06-01,pce,1718.8
1980-07-01,pce,1747.1
1980-08-01,pce,1763.8
1980-09-01,pce,1780.5
1980-10-01,pce,1817.1
1980-11-01,pce,1826.8
1980-12-01,pce,1851.7
1981-01-01,pce,1870
1981-02-01,pce,1884.2
1981-03-01,pce,1902.9
1981-04-01,pce,1904.4
1981-05-01,pce,1913.8
1981-06-01,pce,1934.5
1981-07-01,pce,1942.1
1981-08-01,pce,1966.6
1981-09-01,pce,1965.5
1981-10-01,pce,1963.9
1981-11-01,pce,1970.6
1981-12-01,pce,1988.8
1982-01-01,pce,1997.1
1982-02-01,pce,2021.2
1982-03-01,pce,2024.1
1982-04-01,pce,2026.3
1982-05-01,pce,2044.5
1982-06-01,pce,2048.1
1982-07-01,pce,2072.2
1982-08-01,pce,2080.1
1982-09-01,pce,2104.6
1982-10-01,pce,2125.8
1982-11-01,pce,2149.3
1982-12-01,pce,2161.6
1983-01-01,pce,2174
1983-02-01,pce,2177
1983-03-01,pce,2202.8
1983-04-01,pce,2226.4
1983-05-01,pce,2245.9
1983-06-01,pce,2276
1983-07-01,pce,2304.4
1983-08-01,pce,2320.4
1983-09-01,pce,2334.9
1983-10-01,pce,2357.6
1983-11-01,pce,2366.3
1983-12-01,pce,2393.6
1984-01-01,pce,2419.4
1984-02-01,pce,2403.5
1984-03-01,pce,2431.6
1984-04-01,pce,2457.5
1984-05-01,pce,2474.5
1984-06-01,pce,2495.6
1984-07-01,pce,2494.6
1984-08-01,pce,2512.2
1984-09-01,pce,2533.8
1984-10-01,pce,2531.3
1984-11-01,pce,2571.4
1984-12-01,pce,2582.6
1985-01-01,pce,2618.8
1985-02-01,pce,2640.8
1985-03-01,pce,2648.5
1985-04-01,pce,2659.5
1985-05-01,pce,2696.4
1985-06-01,pce,2689.4
1985-07-01,pce,2715.7
1985-08-01,pce,2752.1
1985-09-01,pce,2794.7
1985-10-01,pce,2755.8
1985-11-01,pce,2771.1
1985-12-01,pce,2811.3
1986-01-01,pce,2827.1
1986-02-01,pce,2820.2
1986-03-01,pce,2823.6
1986-04-01,pce,2835.2
1986-05-01,pce,2857.5
1986-06-01,pce,2861.7
1986-07-01,pce,2881.2
1986-08-01,pce,2898.6
1986-09-01,pce,2971.8
1986-10-01,pce,2932.9
1986-11-01,pce,2928.4
1986-12-01,pce,2997.1
1987-01-01,pce,2935.5
1987-02-01,pce,3001.7
1987-03-01,pce,3013.3
1987-04-01,pce,3038.8
1987-05-01,pce,3048.4
1987-06-01,pce,3072.8
1987-07-01,pce,3094.7
1987-08-01,pce,3130.8
1987-09-01,pce,3126.5
1987-10-01,pce,3134.5
1987-11-01,pce,3144.2
1987-12-01,pce,3174.1
1988-01-01,pce,3213.7
1988-02-01,pce,3221.4
1988-03-01,pce,3260.5
1988-04-01,pce,3263
1988-05-01,pce,3293.6
1988-06-01,pce,3318.5
1988-07-01,pce,3342.7
1988-08-01,pce,3368
1988-09-01,pce,3375
1988-10-01,pce,3413.7
1988-11-01,pce,3430.2
1988-12-01,pce,3459.7
1989-01-01,pce,3483.7
1989-02-01,pce,3488
1989-03-01,pce,3498.8
1989-04-01,pce,3543
1989-05-01,pce,3551.8
1989-06-01,pce,3566.6
1989-07-01,pce,3585.7
1989-08-01,pce,3620.6
1989-09-01,pce,3621.9
1989-10-01,pce,3633.6
1989-11-01,pce,3643.3
1989-12-01,pce,3684.2
1990-01-01,pce,3730.7
1990-02-01,pce,3728.2
1990-03-01,pce,3754.9
1990-04-01,pce,3770
1990-05-01,pce,3775.8
1990-06-01,pce,3804.5
1990-07-01,pce,3821.7
1990-08-01,pce,3848.3
1990-09-01,pce,3870.1
1990-10-01,pce,3870.6
1990-11-01,pce,3871.9
1990-12-01,pce,3861.3
1991-01-01,pce,3841
1991-02-01,pce,3866.7
1991-03-01,pce,3913
1991-04-01,pce,3907.1
1991-05-01,pce,3933.2
1991-06-01,pce,3940.5
1991-07-01,pce,3966
1991-08-01,pce,3969.1
1991-09-01,pce,3984.7
1991-10-01,pce,3976
1991-11-01,pce,4003.6
1991-12-01,pce,4020.5
1992-01-01,pce,4084.7
1992-02-01,pce,4099.5
1992-03-01,pce,4117
1992-04-01,pce,4131.5
1992-05-01,pce,4158.4
1992-06-01,pce,4177.1
1992-07-01,pce,4204.8
1992-08-01,pce,4220.9
1992-09-01,pce,4255.3
1992-10-01,pce,4284.7
1992-11-01,pce,4300.5
1992-12-01,pce,4336.4
1993-01-01,pce,4340.7
1993-02-01,pce,4355.3
1993-03-01,pce,4352.5
1993-04-01,pce,4393.4
1993-05-01,pce,4422.4
1993-06-01,pce,4440
1993-07-01,pce,4468.9
1993-08-01,pce,4481.1
1993-09-01,pce,4511.5
1993-10-01,pce,4532.8
1993-11-01,pce,4554.1
1993-12-01,pce,4571.1
1994-01-01,pce,4585.1
1994-02-01,pce,4632.6
1994-03-01,pce,4646
1994-04-01,pce,4671.1
1994-05-01,pce,4669.5
1994-06-01,pce,4708.9
1994-07-01,pce,4720.6
1994-08-01,pce,4762.6
1994-09-01,pce,4775
1994-10-01,pce,4812.9
1994-11-01,pce,4825.6
1994-12-01,pce,4841.6
1995-01-01,pce,4851.2
1995-02-01,pce,4850.8
1995-03-01,pce,4885.4
1995-04-01,pce,4890.2
1995-05-01,pce,4933.1
1995-06-01,pce,4977.5
1995-07-01,pce,4970.2
1995-08-01,pce,5005.3
1995-09-01,pce,5020.5
1995-10-01,pce,5013.9
1995-11-01,pce,5055.6
1995-12-01,pce,5097.5
1996-01-01,pce,5085.7
1996-02-01,pce,5132.8
1996-03-01,pce,5173.3
1996-04-01,pce,5208
1996-05-01,pce,5223.8
1996-06-01,pce,5229.8
1996-07-01,pce,5251.9
1996-08-01,pce,5275
1996-09-01,pce,5296.6
1996-10-01,pce,5328.5
1996-11-01,pce,5351.2
1996-12-01,pce,5378.6
1997-01-01,pce,5411.1
1997-02-01,pce,5434
1997-03-01,pce,5454.2
1997-04-01,pce,5459.3
1997-05-01,pce,5460.2
1997-06-01,pce,5494.2
1997-07-01,pce,5548.8
1997-08-01,pce,5587
1997-09-01,pce,5601.7
1997-10-01,pce,5637.7
1997-11-01,pce,5661.1
1997-12-01,pce,5692.1
1998-01-01,pce,5689.9
1998-02-01,pce,5723.8
1998-03-01,pce,5750.3
1998-04-01,pce,5788.1
1998-05-01,pce,5837.9
1998-06-01,pce,5871.7
1998-07-01,pce,5890
1998-08-01,pce,5925
1998-09-01,pce,5965.6
1998-10-01,pce,5998.8
1998-11-01,pce,6015.4
1998-12-01,pce,6070.5
1999-01-01,pce,6072.9
1999-02-01,pce,6101.8
1999-03-01,pce,6132.9
1999-04-01,pce,6196.2
1999-05-01,pce,6225.7
1999-06-01,pce,6254
1999-07-01,pce,6281.5
1999-08-01,pce,6326.5
1999-09-01,pce,6378.8
1999-10-01,pce,6402.1
1999-11-01,pce,6437.9
1999-12-01,pce,6538.7
2000-01-01,pce,6535.3
2000-02-01,pce,6619.7
2000-03-01,pce,6685.8
2000-04-01,pce,6671.1
2000-05-01,pce,6707.6
2000-06-01,pce,6743.9
2000-07-01,pce,6764.1
2000-08-01,pce,6799.1
2000-09-01,pce,6882.9
2000-10-01,pce,6888.2
2000-11-01,pce,6902.4
2000-12-01,pce,6945.7
2001-01-01,pce,6977
2001-02-01,pce,6995.8
2001-03-01,pce,6987.9
2001-04-01,pce,7001.2
2001-05-01,pce,7047.1
2001-06-01,pce,7060.7
2001-07-01,pce,7072.2
2001-08-01,pce,7108.9
2001-09-01,pce,7012.8
2001-10-01,pce,7208.4
2001-11-01,pce,7167.9
2001-12-01,pce,7147.7
2002-01-01,pce,7174.3
2002-02-01,pce,7218.3
2002-03-01,pce,7237.2
2002-04-01,pce,7305.4
2002-05-01,pce,7282.7
2002-06-01,pce,7318.2
2002-07-01,pce,7380.4
2002-08-01,pce,7401.5
2002-09-01,pce,7391
2002-10-01,pce,7430.7
2002-11-01,pce,7459.7
2002-12-01,pce,7512.8
2003-01-01,pce,7533.1
2003-02-01,pce,7535.9
2003-03-01,pce,7598.4
2003-04-01,pce,7621
2003-05-01,pce,7628.1
2003-06-01,pce,7678.6
2003-07-01,pce,7738.2
2003-08-01,pce,7834.5
2003-09-01,pce,7835
2003-10-01,pce,7845.7
2003-11-01,pce,7899.6
2003-12-01,pce,7929.2
2004-01-01,pce,7987.4
2004-02-01,pce,8019.8
2004-03-01,pce,8076
2004-04-01,pce,8088.6
2004-05-01,pce,8163.2
2004-06-01,pce,8147.2
2004-07-01,pce,8218.9
2004-08-01,pce,8253.1
2004-09-01,pce,8321.1
2004-10-01,pce,8374.6
2004-11-01,pce,8420.6
2004-12-01,pce,8481.5
2005-01-01,pce,8470.2
2005-02-01,pce,8529.2
2005-03-01,pce,8569.5
2005-04-01,pce,8645.6
2005-05-01,pce,8643.9
2005-06-01,pce,8724.8
2005-07-01,pce,8829.5
2005-08-01,pce,8832.4
2005-09-01,pce,8885.8
2005-10-01,pce,8926.6
2005-11-01,pce,8938.5
2005-12-01,pce,8969.6
2006-01-01,pce,9059.8
2006-02-01,pce,9090.1
2006-03-01,pce,9122.1
2006-04-01,pce,9174.8
2006-05-01,pce,9215.1
2006-06-01,pce,9240.8
2006-07-01,pce,9322.6
2006-08-01,pce,9321.8
2006-09-01,pce,9354.7
2006-10-01,pce,9373.2
2006-11-01,pce,9380.2
2006-12-01,pce,9469
2007-01-01,pce,9516.3
2007-02-01,pce,9546.8
2007-03-01,pce,9585.1
2007-04-01,pce,9615.7
2007-05-01,pce,9651.3
2007-06-01,pce,9667.3
2007-07-01,pce,9709.6
2007-08-01,pce,9753.9
2007-09-01,pce,9797.9
2007-10-01,pce,9827
2007-11-01,pce,9897.8
2007-12-01,pce,9908.4
2008-01-01,pce,9930
2008-02-01,pce,9913.4
2008-03-01,pce,9959.4
2008-04-01,pce,9996.8
2008-05-01,pce,10053.8
2008-06-01,pce,10107.9
2008-07-01,pce,10104.7
2008-08-01,pce,10094.7
2008-09-01,pce,10043.5
2008-10-01,pce,9960.3
2008-11-01,pce,9820.8
2008-12-01,pce,9730.7
2009-01-01,pce,9783.8
2009-02-01,pce,9766
2009-03-01,pce,9718.5
2009-04-01,pce,9724.8
2009-05-01,pce,9748.9
2009-06-01,pce,9806.9
2009-07-01,pce,9841.7
2009-08-01,pce,9961
2009-09-01,pce,9883.4
2009-10-01,pce,9931.9
2009-11-01,pce,9940.5
2009-12-01,pce,9998.9
2010-01-01,pce,10001.8
2010-02-01,pce,10030.6
2010-03-01,pce,10089.1
2010-04-01,pce,10112.9
2010-05-01,pce,10131
2010-06-01,pce,10151.4
2010-07-01,pce,10184.7
2010-08-01,pce,10228.2
2010-09-01,pce,10249
2010-10-01,pce,10304.7
2010-11-01,pce,10354.7
2010-12-01,pce,10392.1
2011-01-01,pce,10435.5
2011-02-01,pce,10470.1
2011-03-01,pce,10550.5
2011-04-01,pce,10587.6
2011-05-01,pce,10612
2011-06-01,pce,10636.8
2011-07-01,pce,10677.5
2011-08-01,pce,10700.6
2011-09-01,pce,10738.1
2011-10-01,pce,10753.1
2011-11-01,pce,10759.5
2011-12-01,pce,10772.2
2012-01-01,pce,10862.1
2012-02-01,pce,10953.5
2012-03-01,pce,10951.8
2012-04-01,pce,10979.7
2012-05-01,pce,10968.6
2012-06-01,pce,10946.3
2012-07-01,pce,10977.2
2012-08-01,pce,11004.1
2012-09-01,pce,11061.5
2012-10-01,pce,11099.8
2012-11-01,pce,11136.8
2012-12-01,pce,11140.5
2013-01-01,pce,11202.8
2013-02-01,pce,11239.6
2013-03-01,pce,11227.1
2013-04-01,pce,11205.4
2013-05-01,pce,11244.6
2013-06-01,pce,11268.8
2013-07-01,pce,11296.7
2013-08-01,pce,11329.2
2013-09-01,pce,11366.9
2013-10-01,pce,11419.8
2013-11-01,pce,11487.6
2013-12-01,pce,11517.9
2014-01-01,pce,11512.5
2014-02-01,pce,11566.2
2014-03-01,pce,11643
2014-04-01,pce,11702.6
2014-05-01,pce,11748.4
2014-06-01,pce,11817
2014-07-01,pce,11860.5
2014-08-01,pce,11944.3
2014-09-01,pce,11957.4
2014-10-01,pce,12023
2014-11-01,pce,12051.4
2014-12-01,pce,12062
2015-01-01,pce,12046
2015-02-01,pce,12082.4
2015-03-01,pce,12158.3
2015-04-01,pce,12193.8
1967-07-01,pop,198712
1967-08-01,pop,198911
1967-09-01,pop,199113
1967-10-01,pop,199311
1967-11-01,pop,199498
1967-12-01,pop,199657
1968-01-01,pop,199808
1968-02-01,pop,199920
1968-03-01,pop,200056
1968-04-01,pop,200208
1968-05-01,pop,200361
1968-06-01,pop,200536
1968-07-01,pop,200706
1968-08-01,pop,200898
1968-09-01,pop,201095
1968-10-01,pop,201290
1968-11-01,pop,201466
1968-12-01,pop,201621
1969-01-01,pop,201760
1969-02-01,pop,201881
1969-03-01,pop,202023
1969-04-01,pop,202161
1969-05-01,pop,202331
1969-06-01,pop,202507
1969-07-01,pop,202677
1969-08-01,pop,202877
1969-09-01,pop,203090
1969-10-01,pop,203302
1969-11-01,pop,203500
1969-12-01,pop,203675
1970-01-01,pop,203849
1970-02-01,pop,204008
1970-03-01,pop,204156
1970-04-01,pop,204401
1970-05-01,pop,204607
1970-06-01,pop,204830
1970-07-01,pop,205052
1970-08-01,pop,205295
1970-09-01,pop,205540
1970-10-01,pop,205788
1970-11-01,pop,206024
1970-12-01,pop,206238
1971-01-01,pop,206466
1971-02-01,pop,206668
1971-03-01,pop,206855
1971-04-01,pop,207065
1971-05-01,pop,207260
1971-06-01,pop,207462
1971-07-01,pop,207661
1971-08-01,pop,207881
1971-09-01,pop,208114
1971-10-01,pop,208345
1971-11-01,pop,208555
1971-12-01,pop,208740
1972-01-01,pop,208917
1972-02-01,pop,209061
1972-03-01,pop,209212
1972-04-01,pop,209386
1972-05-01,pop,209545
1972-06-01,pop,209725
1972-07-01,pop,209896
1972-08-01,pop,210075
1972-09-01,pop,210278
1972-10-01,pop,210479
1972-11-01,pop,210656
1972-12-01,pop,210821
1973-01-01,pop,210985
1973-02-01,pop,211120
1973-03-01,pop,211254
1973-04-01,pop,211420
1973-05-01,pop,211577
1973-06-01,pop,211746
1973-07-01,pop,211909
1973-08-01,pop,212092
1973-09-01,pop,212289
1973-10-01,pop,212475
1973-11-01,pop,212634
1973-12-01,pop,212785
1974-01-01,pop,212932
1974-02-01,pop,213074
1974-03-01,pop,213211
1974-04-01,pop,213361
1974-05-01,pop,213513
1974-06-01,pop,213686
1974-07-01,pop,213854
1974-08-01,pop,214042
1974-09-01,pop,214246
1974-10-01,pop,214451
1974-11-01,pop,214625
1974-12-01,pop,214782
1975-01-01,pop,214931
1975-02-01,pop,215065
1975-03-01,pop,215198
1975-04-01,pop,215353
1975-05-01,pop,215523
1975-06-01,pop,215768
1975-07-01,pop,215973
1975-08-01,pop,216195
1975-09-01,pop,216393
1975-10-01,pop,216587
1975-11-01,pop,216771
1975-12-01,pop,216931
1976-01-01,pop,217095
1976-02-01,pop,217249
1976-03-01,pop,217381
1976-04-01,pop,217528
1976-05-01,pop,217685
1976-06-01,pop,217861
1976-07-01,pop,218035
1976-08-01,pop,218233
1976-09-01,pop,218440
1976-10-01,pop,218644
1976-11-01,pop,218834
1976-12-01,pop,219006
1977-01-01,pop,219179
1977-02-01,pop,219344
1977-03-01,pop,219504
1977-04-01,pop,219684
1977-05-01,pop,219859
1977-06-01,pop,220046
1977-07-01,pop,220239
1977-08-01,pop,220458
1977-09-01,pop,220688
1977-10-01,pop,220904
1977-11-01,pop,221109
1977-12-01,pop,221303
1978-01-01,pop,221477
1978-02-01,pop,221629
1978-03-01,pop,221792
1978-04-01,pop,221991
1978-05-01,pop,222176
1978-06-01,pop,222379
1978-07-01,pop,222585
1978-08-01,pop,222805
1978-09-01,pop,223053
1978-10-01,pop,223271
1978-11-01,pop,223477
1978-12-01,pop,223670
1979-01-01,pop,223865
1979-02-01,pop,224053
1979-03-01,pop,224235
1979-04-01,pop,224438
1979-05-01,pop,224632
1979-06-01,pop,224843
1979-07-01,pop,225055
1979-08-01,pop,225295
1979-09-01,pop,225547
1979-10-01,pop,225801
1979-11-01,pop,226027
1979-12-01,pop,226243
1980-01-01,pop,226451
1980-02-01,pop,226656
1980-03-01,pop,226849
1980-04-01,pop,227061
1980-05-01,pop,227251
1980-06-01,pop,227522
1980-07-01,pop,227726
1980-08-01,pop,227953
1980-09-01,pop,228186
1980-10-01,pop,228417
1980-11-01,pop,228612
1980-12-01,pop,228779
1981-01-01,pop,228937
1981-02-01,pop,229071
1981-03-01,pop,229224
1981-04-01,pop,229403
1981-05-01,pop,229575
1981-06-01,pop,229761
1981-07-01,pop,229966
1981-08-01,pop,230187
1981-09-01,pop,230412
1981-10-01,pop,230641
1981-11-01,pop,230822
1981-12-01,pop,230989
1982-01-01,pop,231157
1982-02-01,pop,231313
1982-03-01,pop,231470
1982-04-01,pop,231645
1982-05-01,pop,231809
1982-06-01,pop,231992
1982-07-01,pop,232188
1982-08-01,pop,232392
1982-09-01,pop,232599
1982-10-01,pop,232816
1982-11-01,pop,232993
1982-12-01,pop,233160
1983-01-01,pop,233322
1983-02-01,pop,233473
1983-03-01,pop,233613
1983-04-01,pop,233781
1983-05-01,pop,233922
1983-06-01,pop,234118
1983-07-01,pop,234307
1983-08-01,pop,234501
1983-09-01,pop,234701
1983-10-01,pop,234907
1983-11-01,pop,235078
1983-12-01,pop,235235
1984-01-01,pop,235385
1984-02-01,pop,235527
1984-03-01,pop,235675
1984-04-01,pop,235839
1984-05-01,pop,235993
1984-06-01,pop,236160
1984-07-01,pop,236348
1984-08-01,pop,236549
1984-09-01,pop,236760
1984-10-01,pop,236976
1984-11-01,pop,237159
1984-12-01,pop,237316
1985-01-01,pop,237468
1985-02-01,pop,237602
1985-03-01,pop,237732
1985-04-01,pop,237900
1985-05-01,pop,238074
1985-06-01,pop,238270
1985-07-01,pop,238466
1985-08-01,pop,238679
1985-09-01,pop,238898
1985-10-01,pop,239113
1985-11-01,pop,239307
1985-12-01,pop,239477
1986-01-01,pop,239638
1986-02-01,pop,239788
1986-03-01,pop,239928
1986-04-01,pop,240094
1986-05-01,pop,240271
1986-06-01,pop,240459
1986-07-01,pop,240651
1986-08-01,pop,240854
1986-09-01,pop,241068
1986-10-01,pop,241274
1986-11-01,pop,241467
1986-12-01,pop,241620
1987-01-01,pop,241784
1987-02-01,pop,241930
1987-03-01,pop,242079
1987-04-01,pop,242252
1987-05-01,pop,242423
1987-06-01,pop,242608
1987-07-01,pop,242804
1987-08-01,pop,243012
1987-09-01,pop,243223
1987-10-01,pop,243446
1987-11-01,pop,243639
1987-12-01,pop,243809
1988-01-01,pop,243981
1988-02-01,pop,244131
1988-03-01,pop,244279
1988-04-01,pop,244445
1988-05-01,pop,244610
1988-06-01,pop,244806
1988-07-01,pop,245021
1988-08-01,pop,245240
1988-09-01,pop,245464
1988-10-01,pop,245693
1988-11-01,pop,245884
1988-12-01,pop,246056
1989-01-01,pop,246224
1989-02-01,pop,246378
1989-03-01,pop,246530
1989-04-01,pop,246721
1989-05-01,pop,246906
1989-06-01,pop,247114
1989-07-01,pop,247342
1989-08-01,pop,247573
1989-09-01,pop,247816
1989-10-01,pop,248067
1989-11-01,pop,248281
1989-12-01,pop,248479
1990-01-01,pop,248659
1990-02-01,pop,248827
1990-03-01,pop,249012
1990-04-01,pop,249306
1990-05-01,pop,249565
1990-06-01,pop,249849
1990-07-01,pop,250132
1990-08-01,pop,250439
1990-09-01,pop,250751
1990-10-01,pop,251057
1990-11-01,pop,251346
1990-12-01,pop,251626
1991-01-01,pop,251889
1991-02-01,pop,252135
1991-03-01,pop,252372
1991-04-01,pop,252643
1991-05-01,pop,252913
1991-06-01,pop,253207
1991-07-01,pop,253493
1991-08-01,pop,253807
1991-09-01,pop,254126
1991-10-01,pop,254435
1991-11-01,pop,254718
1991-12-01,pop,254964
1992-01-01,pop,255214
1992-02-01,pop,255448
1992-03-01,pop,255703
1992-04-01,pop,255992
1992-05-01,pop,256285
1992-06-01,pop,256589
1992-07-01,pop,256894
1992-08-01,pop,257232
1992-09-01,pop,257548
1992-10-01,pop,257861
1992-11-01,pop,258147
1992-12-01,pop,258413
1993-01-01,pop,258679
1993-02-01,pop,258919
1993-03-01,pop,259152
1993-04-01,pop,259414
1993-05-01,pop,259680
1993-06-01,pop,259963
1993-07-01,pop,260255
1993-08-01,pop,260566
1993-09-01,pop,260867
1993-10-01,pop,261163
1993-11-01,pop,261425
1993-12-01,pop,261674
1994-01-01,pop,261919
1994-02-01,pop,262123
1994-03-01,pop,262352
1994-04-01,pop,262631
1994-05-01,pop,262877
1994-06-01,pop,263152
1994-07-01,pop,263436
1994-08-01,pop,263724
1994-09-01,pop,264017
1994-10-01,pop,264301
1994-11-01,pop,264559
1994-12-01,pop,264804
1995-01-01,pop,265044
1995-02-01,pop,265270
1995-03-01,pop,265495
1995-04-01,pop,265755
1995-05-01,pop,265998
1995-06-01,pop,266270
1995-07-01,pop,266557
1995-08-01,pop,266843
1995-09-01,pop,267152
1995-10-01,pop,267456
1995-11-01,pop,267715
1995-12-01,pop,267943
1996-01-01,pop,268151
1996-02-01,pop,268364
1996-03-01,pop,268595
1996-04-01,pop,268853
1996-05-01,pop,269108
1996-06-01,pop,269386
1996-07-01,pop,269667
1996-08-01,pop,269976
1996-09-01,pop,270284
1996-10-01,pop,270581
1996-11-01,pop,270878
1996-12-01,pop,271125
1997-01-01,pop,271360
1997-02-01,pop,271585
1997-03-01,pop,271821
1997-04-01,pop,272083
1997-05-01,pop,272342
1997-06-01,pop,272622
1997-07-01,pop,272912
1997-08-01,pop,273237
1997-09-01,pop,273553
1997-10-01,pop,273852
1997-11-01,pop,274126
1997-12-01,pop,274372
1998-01-01,pop,274626
1998-02-01,pop,274838
1998-03-01,pop,275047
1998-04-01,pop,275304
1998-05-01,pop,275564
1998-06-01,pop,275836
1998-07-01,pop,276115
1998-08-01,pop,276418
1998-09-01,pop,276714
1998-10-01,pop,277003
1998-11-01,pop,277277
1998-12-01,pop,277526
1999-01-01,pop,277790
1999-02-01,pop,277992
1999-03-01,pop,278198
1999-04-01,pop,278451
1999-05-01,pop,278717
1999-06-01,pop,279001
1999-07-01,pop,279295
1999-08-01,pop,279602
1999-09-01,pop,279903
1999-10-01,pop,280203
1999-11-01,pop,280471
1999-12-01,pop,280716
2000-01-01,pop,280976
2000-02-01,pop,281190
2000-03-01,pop,281409
2000-04-01,pop,281653
2000-05-01,pop,281877
2000-06-01,pop,282126
2000-07-01,pop,282385
2000-08-01,pop,282653
2000-09-01,pop,282932
2000-10-01,pop,283201
2000-11-01,pop,283453
2000-12-01,pop,283696
2001-01-01,pop,283920
2001-02-01,pop,284137
2001-03-01,pop,284350
2001-04-01,pop,284581
2001-05-01,pop,284810
2001-06-01,pop,285062
2001-07-01,pop,285309
2001-08-01,pop,285570
2001-09-01,pop,285843
2001-10-01,pop,286098
2001-11-01,pop,286341
2001-12-01,pop,286570
2002-01-01,pop,286788
2002-02-01,pop,286994
2002-03-01,pop,287190
2002-04-01,pop,287397
2002-05-01,pop,287623
2002-06-01,pop,287864
2002-07-01,pop,288105
2002-08-01,pop,288360
2002-09-01,pop,288618
2002-10-01,pop,288870
2002-11-01,pop,289106
2002-12-01,pop,289313
2003-01-01,pop,289518
2003-02-01,pop,289714
2003-03-01,pop,289911
2003-04-01,pop,290125
2003-05-01,pop,290346
2003-06-01,pop,290584
2003-07-01,pop,290820
2003-08-01,pop,291072
2003-09-01,pop,291321
2003-10-01,pop,291574
2003-11-01,pop,291807
2003-12-01,pop,292008
2004-01-01,pop,292192
2004-02-01,pop,292368
2004-03-01,pop,292561
2004-04-01,pop,292779
2004-05-01,pop,292997
2004-06-01,pop,293223
2004-07-01,pop,293463
2004-08-01,pop,293719
2004-09-01,pop,293971
2004-10-01,pop,294230
2004-11-01,pop,294466
2004-12-01,pop,294694
2005-01-01,pop,294914
2005-02-01,pop,295105
2005-03-01,pop,295287
2005-04-01,pop,295490
2005-05-01,pop,295704
2005-06-01,pop,295936
2005-07-01,pop,296186
2005-08-01,pop,296440
2005-09-01,pop,296707
2005-10-01,pop,296972
2005-11-01,pop,297207
2005-12-01,pop,297431
2006-01-01,pop,297647
2006-02-01,pop,297854
2006-03-01,pop,298060
2006-04-01,pop,298281
2006-05-01,pop,298496
2006-06-01,pop,298739
2006-07-01,pop,298996
2006-08-01,pop,299263
2006-09-01,pop,299554
2006-10-01,pop,299835
2006-11-01,pop,300094
2006-12-01,pop,300340
2007-01-01,pop,300574
2007-02-01,pop,300802
2007-03-01,pop,301021
2007-04-01,pop,301254
2007-05-01,pop,301483
2007-06-01,pop,301739
2007-07-01,pop,302004
2007-08-01,pop,302267
2007-09-01,pop,302546
2007-10-01,pop,302807
2007-11-01,pop,303054
2007-12-01,pop,303287
2008-01-01,pop,303506
2008-02-01,pop,303711
2008-03-01,pop,303907
2008-04-01,pop,304117
2008-05-01,pop,304323
2008-06-01,pop,304556
2008-07-01,pop,304798
2008-08-01,pop,305045
2008-09-01,pop,305309
2008-10-01,pop,305554
2008-11-01,pop,305786
2008-12-01,pop,306004
2009-01-01,pop,306208
2009-02-01,pop,306402
2009-03-01,pop,306588
2009-04-01,pop,306787
2009-05-01,pop,306984
2009-06-01,pop,307206
2009-07-01,pop,307439
2009-08-01,pop,307685
2009-09-01,pop,307946
2009-10-01,pop,308189
2009-11-01,pop,308418
2009-12-01,pop,308633
2010-01-01,pop,308833
2010-02-01,pop,309027
2010-03-01,pop,309212
2010-04-01,pop,309191.211
2010-05-01,pop,309369.053
2010-06-01,pop,309548.502
2010-07-01,pop,309745.698
2010-08-01,pop,309957.775
2010-09-01,pop,310176.466
2010-10-01,pop,310399.958
2010-11-01,pop,310595.764
2010-12-01,pop,310781.705
2011-01-01,pop,310960.74
2011-02-01,pop,311113.376
2011-03-01,pop,311265.404
2011-04-01,pop,311436.238
2011-05-01,pop,311607.08
2011-06-01,pop,311791.223
2011-07-01,pop,311997.049
2011-08-01,pop,312205.367
2011-09-01,pop,312429.118
2011-10-01,pop,312644.159
2011-11-01,pop,312829.523
2011-12-01,pop,313009.712
2012-01-01,pop,313183.179
2012-02-01,pop,313338.977
2012-03-01,pop,313499.369
2012-04-01,pop,313667.127
2012-05-01,pop,313830.53
2012-06-01,pop,314017.594
2012-07-01,pop,314210.786
2012-08-01,pop,314422.341
2012-09-01,pop,314646.749
2012-10-01,pop,314853.978
2012-11-01,pop,315053.863
2012-12-01,pop,315232.752
2013-01-01,pop,315389.595
2013-02-01,pop,315520.143
2013-03-01,pop,315662.224
2013-04-01,pop,315817.855
2013-05-01,pop,315983.654
2013-06-01,pop,316171.042
2013-07-01,pop,316358.778
2013-08-01,pop,316580.327
2013-09-01,pop,316806.125
2013-10-01,pop,317022.27
2013-11-01,pop,317228.026
2013-12-01,pop,317411.551
2014-01-01,pop,317593.923
2014-02-01,pop,317753.883
2014-03-01,pop,317917.203
2014-04-01,pop,318089.218
2014-05-01,pop,318269.505
2014-06-01,pop,318464.152
2014-07-01,pop,318662.368
2014-08-01,pop,318893.786
2014-09-01,pop,319125.296
2014-10-01,pop,319353.734
2014-11-01,pop,319564.209
2014-12-01,pop,319746.157
2015-01-01,pop,319928.646
2015-02-01,pop,320074.511
2015-03-01,pop,320230.786
2015-04-01,pop,320402.295
1967-07-01,psavert,12.6
1967-08-01,psavert,12.6
1967-09-01,psavert,11.9
1967-10-01,psavert,12.9
1967-11-01,psavert,12.8
1967-12-01,psavert,11.8
1968-01-01,psavert,11.7
1968-02-01,psavert,12.3
1968-03-01,psavert,11.7
1968-04-01,psavert,12.3
1968-05-01,psavert,12
1968-06-01,psavert,11.7
1968-07-01,psavert,10.7
1968-08-01,psavert,10.5
1968-09-01,psavert,10.6
1968-10-01,psavert,10.8
1968-11-01,psavert,10.6
1968-12-01,psavert,11.1
1969-01-01,psavert,10.3
1969-02-01,psavert,9.7
1969-03-01,psavert,10.2
1969-04-01,psavert,9.7
1969-05-01,psavert,10.1
1969-06-01,psavert,11.1
1969-07-01,psavert,11.8
1969-08-01,psavert,11.5
1969-09-01,psavert,11.6
1969-10-01,psavert,11.4
1969-11-01,psavert,11.6
1969-12-01,psavert,11.8
1970-01-01,psavert,11.8
1970-02-01,psavert,11.7
1970-03-01,psavert,12.4
1970-04-01,psavert,13.3
1970-05-01,psavert,12.4
1970-06-01,psavert,12.3
1970-07-01,psavert,13.5
1970-08-01,psavert,13.4
1970-09-01,psavert,12.9
1970-10-01,psavert,13.1
1970-11-01,psavert,13.6
1970-12-01,psavert,13.2
1971-01-01,psavert,13.3
1971-02-01,psavert,13.3
1971-03-01,psavert,13.5
1971-04-01,psavert,13.2
1971-05-01,psavert,13.6
1971-06-01,psavert,14.7
1971-07-01,psavert,13.8
1971-08-01,psavert,13.6
1971-09-01,psavert,13.3
1971-10-01,psavert,13.3
1971-11-01,psavert,13.1
1971-12-01,psavert,13
1972-01-01,psavert,12.5
1972-02-01,psavert,12.8
1972-03-01,psavert,11.8
1972-04-01,psavert,11.5
1972-05-01,psavert,11.7
1972-06-01,psavert,11.7
1972-07-01,psavert,11.7
1972-08-01,psavert,12
1972-09-01,psavert,12.2
1972-10-01,psavert,13
1972-11-01,psavert,13.6
1972-12-01,psavert,13.7
1973-01-01,psavert,12.4
1973-02-01,psavert,12.5
1973-03-01,psavert,12.7
1973-04-01,psavert,13.2
1973-05-01,psavert,13.2
1973-06-01,psavert,13.6
1973-07-01,psavert,13.2
1973-08-01,psavert,13.9
1973-09-01,psavert,13.1
1973-10-01,psavert,14.4
1973-11-01,psavert,14.4
1973-12-01,psavert,14.8
1974-01-01,psavert,14.3
1974-02-01,psavert,14.2
1974-03-01,psavert,13.4
1974-04-01,psavert,13.1
1974-05-01,psavert,12.8
1974-06-01,psavert,12.8
1974-07-01,psavert,12.8
1974-08-01,psavert,12.1
1974-09-01,psavert,12.9
1974-10-01,psavert,13.4
1974-11-01,psavert,13.8
1974-12-01,psavert,14
1975-01-01,psavert,13.2
1975-02-01,psavert,12.5
1975-03-01,psavert,12.7
1975-04-01,psavert,14.2
1975-05-01,psavert,17.3
1975-06-01,psavert,14.3
1975-07-01,psavert,12.6
1975-08-01,psavert,13
1975-09-01,psavert,13
1975-10-01,psavert,13.4
1975-11-01,psavert,12.7
1975-12-01,psavert,12
1976-01-01,psavert,11.7
1976-02-01,psavert,12.3
1976-03-01,psavert,12.2
1976-04-01,psavert,11.7
1976-05-01,psavert,12.3
1976-06-01,psavert,11.4
1976-07-01,psavert,11.7
1976-08-01,psavert,11.7
1976-09-01,psavert,11.4
1976-10-01,psavert,11.1
1976-11-01,psavert,11.4
1976-12-01,psavert,10.6
1977-01-01,psavert,10.6
1977-02-01,psavert,9.3
1977-03-01,psavert,10.5
1977-04-01,psavert,10.5
1977-05-01,psavert,10.3
1977-06-01,psavert,10.6
1977-07-01,psavert,10.5
1977-08-01,psavert,10.9
1977-09-01,psavert,11.1
1977-10-01,psavert,11
1977-11-01,psavert,11.2
1977-12-01,psavert,11.4
1978-01-01,psavert,11.9
1978-02-01,psavert,11.1
1978-03-01,psavert,11
1978-04-01,psavert,10.8
1978-05-01,psavert,10.3
1978-06-01,psavert,10
1978-07-01,psavert,10.9
1978-08-01,psavert,10.5
1978-09-01,psavert,10.6
1978-10-01,psavert,10.7
1978-11-01,psavert,10.5
1978-12-01,psavert,10.4
1979-01-01,psavert,11.1
1979-02-01,psavert,11.1
1979-03-01,psavert,11.2
1979-04-01,psavert,11
1979-05-01,psavert,10.3
1979-06-01,psavert,9.9
1979-07-01,psavert,10.6
1979-08-01,psavert,9.7
1979-09-01,psavert,9.4
1979-10-01,psavert,9.7
1979-11-01,psavert,9.7
1979-12-01,psavert,10.1
1980-01-01,psavert,9.9
1980-02-01,psavert,10.1
1980-03-01,psavert,10.2
1980-04-01,psavert,11.3
1980-05-01,psavert,11.4
1980-06-01,psavert,11.2
1980-07-01,psavert,11.3
1980-08-01,psavert,11.3
1980-09-01,psavert,11.7
1980-10-01,psavert,11.3
1980-11-01,psavert,11.6
1980-12-01,psavert,11.4
1981-01-01,psavert,10.9
1981-02-01,psavert,10.8
1981-03-01,psavert,10.8
1981-04-01,psavert,10.9
1981-05-01,psavert,11
1981-06-01,psavert,10.8
1981-07-01,psavert,12.3
1981-08-01,psavert,12
1981-09-01,psavert,12.4
1981-10-01,psavert,13
1981-11-01,psavert,13.2
1981-12-01,psavert,12.5
1982-01-01,psavert,12.7
1982-02-01,psavert,12.1
1982-03-01,psavert,12.2
1982-04-01,psavert,12.9
1982-05-01,psavert,12.3
1982-06-01,psavert,12.3
1982-07-01,psavert,12.5
1982-08-01,psavert,12.6
1982-09-01,psavert,11.8
1982-10-01,psavert,11.3
1982-11-01,psavert,10.9
1982-12-01,psavert,10.9
1983-01-01,psavert,11.1
1983-02-01,psavert,11.1
1983-03-01,psavert,10.6
1983-04-01,psavert,10.3
1983-05-01,psavert,9.9
1983-06-01,psavert,9.1
1983-07-01,psavert,9.6
1983-08-01,psavert,9.2
1983-09-01,psavert,9.6
1983-10-01,psavert,9.7
1983-11-01,psavert,10.3
1983-12-01,psavert,10.1
1984-01-01,psavert,10
1984-02-01,psavert,11.7
1984-03-01,psavert,11.5
1984-04-01,psavert,11.5
1984-05-01,psavert,11.1
1984-06-01,psavert,11.1
1984-07-01,psavert,11.6
1984-08-01,psavert,11.8
1984-09-01,psavert,11.8
1984-10-01,psavert,11.7
1984-11-01,psavert,10.9
1984-12-01,psavert,11.2
1985-01-01,psavert,10.3
1985-02-01,psavert,9.1
1985-03-01,psavert,8.7
1985-04-01,psavert,9.9
1985-05-01,psavert,11.1
1985-06-01,psavert,9.6
1985-07-01,psavert,9.1
1985-08-01,psavert,8.2
1985-09-01,psavert,7.3
1985-10-01,psavert,9.1
1985-11-01,psavert,9
1985-12-01,psavert,8.6
1986-01-01,psavert,8.6
1986-02-01,psavert,9.3
1986-03-01,psavert,9.9
1986-04-01,psavert,9.7
1986-05-01,psavert,9.3
1986-06-01,psavert,9.4
1986-07-01,psavert,9.3
1986-08-01,psavert,9
1986-09-01,psavert,7.2
1986-10-01,psavert,8.4
1986-11-01,psavert,8.8
1986-12-01,psavert,7
1987-01-01,psavert,9.7
1987-02-01,psavert,8.5
1987-03-01,psavert,8.5
1987-04-01,psavert,4.5
1987-05-01,psavert,8.2
1987-06-01,psavert,7.7
1987-07-01,psavert,7.5
1987-08-01,psavert,7.2
1987-09-01,psavert,7.6
1987-10-01,psavert,8.3
1987-11-01,psavert,8.5
1987-12-01,psavert,8.7
1988-01-01,psavert,8.1
1988-02-01,psavert,8.6
1988-03-01,psavert,8.2
1988-04-01,psavert,8.8
1988-05-01,psavert,8.4
1988-06-01,psavert,8.4
1988-07-01,psavert,8.6
1988-08-01,psavert,8.4
1988-09-01,psavert,8.9
1988-10-01,psavert,8.6
1988-11-01,psavert,8.4
1988-12-01,psavert,8.3
1989-01-01,psavert,8.5
1989-02-01,psavert,9
1989-03-01,psavert,9.5
1989-04-01,psavert,8.4
1989-05-01,psavert,8.1
1989-06-01,psavert,8.2
1989-07-01,psavert,8.2
1989-08-01,psavert,7.6
1989-09-01,psavert,8.1
1989-10-01,psavert,8.5
1989-11-01,psavert,8.6
1989-12-01,psavert,7.8
1990-01-01,psavert,8
1990-02-01,psavert,8.6
1990-03-01,psavert,8.3
1990-04-01,psavert,8.8
1990-05-01,psavert,8.7
1990-06-01,psavert,8.6
1990-07-01,psavert,8.7
1990-08-01,psavert,8.1
1990-09-01,psavert,8.1
1990-10-01,psavert,7.8
1990-11-01,psavert,7.9
1990-12-01,psavert,8.8
1991-01-01,psavert,9.3
1991-02-01,psavert,8.8
1991-03-01,psavert,8
1991-04-01,psavert,8.6
1991-05-01,psavert,8.4
1991-06-01,psavert,8.9
1991-07-01,psavert,8.2
1991-08-01,psavert,8.6
1991-09-01,psavert,8.8
1991-10-01,psavert,9.3
1991-11-01,psavert,9
1991-12-01,psavert,9.7
1992-01-01,psavert,9.4
1992-02-01,psavert,9.8
1992-03-01,psavert,9.7
1992-04-01,psavert,9.9
1992-05-01,psavert,9.9
1992-06-01,psavert,10.1
1992-07-01,psavert,9.6
1992-08-01,psavert,9.7
1992-09-01,psavert,8.7
1992-10-01,psavert,8
1992-11-01,psavert,8
1992-12-01,psavert,10.6
1993-01-01,psavert,8.6
1993-02-01,psavert,8.9
1993-03-01,psavert,8.9
1993-04-01,psavert,8.7
1993-05-01,psavert,8.3
1993-06-01,psavert,7.8
1993-07-01,psavert,7.6
1993-08-01,psavert,7.7
1993-09-01,psavert,6.9
1993-10-01,psavert,6.3
1993-11-01,psavert,6.3
1993-12-01,psavert,9.1
1994-01-01,psavert,7.1
1994-02-01,psavert,6.5
1994-03-01,psavert,6.8
1994-04-01,psavert,6.4
1994-05-01,psavert,7.6
1994-06-01,psavert,6.9
1994-07-01,psavert,7
1994-08-01,psavert,6.5
1994-09-01,psavert,6.8
1994-10-01,psavert,7.1
1994-11-01,psavert,7
1994-12-01,psavert,7.2
1995-01-01,psavert,7.5
1995-02-01,psavert,7.8
1995-03-01,psavert,7.5
1995-04-01,psavert,6.9
1995-05-01,psavert,7.1
1995-06-01,psavert,6.7
1995-07-01,psavert,7.1
1995-08-01,psavert,6.7
1995-09-01,psavert,6.8
1995-10-01,psavert,7.1
1995-11-01,psavert,6.6
1995-12-01,psavert,6.1
1996-01-01,psavert,6.7
1996-02-01,psavert,6.7
1996-03-01,psavert,6.6
1996-04-01,psavert,5.7
1996-05-01,psavert,6.7
1996-06-01,psavert,7.1
1996-07-01,psavert,6.7
1996-08-01,psavert,6.6
1996-09-01,psavert,6.7
1996-10-01,psavert,6.4
1996-11-01,psavert,6.4
1996-12-01,psavert,6.4
1997-01-01,psavert,6.2
1997-02-01,psavert,6.2
1997-03-01,psavert,6.4
1997-04-01,psavert,6.5
1997-05-01,psavert,6.8
1997-06-01,psavert,6.6
1997-07-01,psavert,6.1
1997-08-01,psavert,6
1997-09-01,psavert,6.2
1997-10-01,psavert,6.2
1997-11-01,psavert,6.4
1997-12-01,psavert,6.4
1998-01-01,psavert,7.4
1998-02-01,psavert,7.4
1998-03-01,psavert,7.5
1998-04-01,psavert,7.2
1998-05-01,psavert,6.9
1998-06-01,psavert,6.8
1998-07-01,psavert,6.9
1998-08-01,psavert,6.8
1998-09-01,psavert,6.4
1998-10-01,psavert,6.2
1998-11-01,psavert,6.3
1998-12-01,psavert,5.8
1999-01-01,psavert,6.4
1999-02-01,psavert,6.2
1999-03-01,psavert,5.9
1999-04-01,psavert,5.2
1999-05-01,psavert,4.9
1999-06-01,psavert,4.8
1999-07-01,psavert,4.8
1999-08-01,psavert,4.7
1999-09-01,psavert,4.2
1999-10-01,psavert,4.6
1999-11-01,psavert,4.8
1999-12-01,psavert,4.4
2000-01-01,psavert,5.4
2000-02-01,psavert,4.8
2000-03-01,psavert,4.5
2000-04-01,psavert,5
2000-05-01,psavert,4.9
2000-06-01,psavert,4.9
2000-07-01,psavert,5.2
2000-08-01,psavert,5.2
2000-09-01,psavert,4.5
2000-10-01,psavert,4.6
2000-11-01,psavert,4.5
2000-12-01,psavert,4.2
2001-01-01,psavert,4.8
2001-02-01,psavert,4.9
2001-03-01,psavert,5.3
2001-04-01,psavert,5
2001-05-01,psavert,4.5
2001-06-01,psavert,4.5
2001-07-01,psavert,5.6
2001-08-01,psavert,6.8
2001-09-01,psavert,7
2001-10-01,psavert,3.4
2001-11-01,psavert,4.1
2001-12-01,psavert,4.5
2002-01-01,psavert,6.1
2002-02-01,psavert,5.8
2002-03-01,psavert,5.9
2002-04-01,psavert,5.8
2002-05-01,psavert,6.5
2002-06-01,psavert,6.4
2002-07-01,psavert,5.5
2002-08-01,psavert,5.4
2002-09-01,psavert,5.7
2002-10-01,psavert,5.7
2002-11-01,psavert,5.7
2002-12-01,psavert,5.5
2003-01-01,psavert,5.5
2003-02-01,psavert,5.6
2003-03-01,psavert,5.3
2003-04-01,psavert,5.3
2003-05-01,psavert,5.8
2003-06-01,psavert,5.6
2003-07-01,psavert,6.3
2003-08-01,psavert,6
2003-09-01,psavert,5.2
2003-10-01,psavert,5.3
2003-11-01,psavert,5.4
2003-12-01,psavert,5.4
2004-01-01,psavert,5
2004-02-01,psavert,5
2004-03-01,psavert,4.9
2004-04-01,psavert,5.3
2004-05-01,psavert,5.3
2004-06-01,psavert,5.8
2004-07-01,psavert,5.3
2004-08-01,psavert,5.2
2004-09-01,psavert,4.6
2004-10-01,psavert,4.5
2004-11-01,psavert,4.1
2004-12-01,psavert,6.9
2005-01-01,psavert,3.7
2005-02-01,psavert,3.4
2005-03-01,psavert,3.6
2005-04-01,psavert,3.1
2005-05-01,psavert,3.5
2005-06-01,psavert,2.9
2005-07-01,psavert,2.2
2005-08-01,psavert,2.7
2005-09-01,psavert,2.7
2005-10-01,psavert,3.1
2005-11-01,psavert,3.5
2005-12-01,psavert,3.7
2006-01-01,psavert,4.2
2006-02-01,psavert,4.2
2006-03-01,psavert,4.2
2006-04-01,psavert,4
2006-05-01,psavert,3.8
2006-06-01,psavert,4
2006-07-01,psavert,3.4
2006-08-01,psavert,3.6
2006-09-01,psavert,3.6
2006-10-01,psavert,3.6
2006-11-01,psavert,3.9
2006-12-01,psavert,3.7
2007-01-01,psavert,3.7
2007-02-01,psavert,4.1
2007-03-01,psavert,4.4
2007-04-01,psavert,4.2
2007-05-01,psavert,4
2007-06-01,psavert,3.8
2007-07-01,psavert,3.7
2007-08-01,psavert,3.4
2007-09-01,psavert,3.5
2007-10-01,psavert,3.4
2007-11-01,psavert,3.1
2007-12-01,psavert,3.6
2008-01-01,psavert,3.7
2008-02-01,psavert,4.1
2008-03-01,psavert,4
2008-04-01,psavert,3.4
2008-05-01,psavert,7.8
2008-06-01,psavert,5.5
2008-07-01,psavert,4.4
2008-08-01,psavert,3.8
2008-09-01,psavert,4.7
2008-10-01,psavert,5.5
2008-11-01,psavert,6.4
2008-12-01,psavert,6.4
2009-01-01,psavert,6.2
2009-02-01,psavert,5.5
2009-03-01,psavert,5.9
2009-04-01,psavert,6.8
2009-05-01,psavert,8.2
2009-06-01,psavert,6.7
2009-07-01,psavert,6
2009-08-01,psavert,4.9
2009-09-01,psavert,5.9
2009-10-01,psavert,5.4
2009-11-01,psavert,5.9
2009-12-01,psavert,5.9
2010-01-01,psavert,6.1
2010-02-01,psavert,5.8
2010-03-01,psavert,5.7
2010-04-01,psavert,6.4
2010-05-01,psavert,7
2010-06-01,psavert,6.9
2010-07-01,psavert,6.8
2010-08-01,psavert,6.9
2010-09-01,psavert,6.7
2010-10-01,psavert,6.6
2010-11-01,psavert,6.6
2010-12-01,psavert,7.1
2011-01-01,psavert,7.4
2011-02-01,psavert,7.6
2011-03-01,psavert,7
2011-04-01,psavert,6.9
2011-05-01,psavert,6.9
2011-06-01,psavert,7.2
2011-07-01,psavert,7.3
2011-08-01,psavert,7.2
2011-09-01,psavert,6.8
2011-10-01,psavert,6.8
2011-11-01,psavert,7
2011-12-01,psavert,7.8
2012-01-01,psavert,8
2012-02-01,psavert,8
2012-03-01,psavert,8.5
2012-04-01,psavert,8.7
2012-05-01,psavert,8.8
2012-06-01,psavert,9.1
2012-07-01,psavert,8.2
2012-08-01,psavert,8
2012-09-01,psavert,8.2
2012-10-01,psavert,8.8
2012-11-01,psavert,9.7
2012-12-01,psavert,12
2013-01-01,psavert,6.3
2013-02-01,psavert,5.8
2013-03-01,psavert,5.9
2013-04-01,psavert,6.4
2013-05-01,psavert,6.7
2013-06-01,psavert,6.8
2013-07-01,psavert,6.6
2013-08-01,psavert,6.7
2013-09-01,psavert,6.8
2013-10-01,psavert,6.3
2013-11-01,psavert,6.2
2013-12-01,psavert,6.4
2014-01-01,psavert,7.1
2014-02-01,psavert,7.3
2014-03-01,psavert,7.4
2014-04-01,psavert,7.4
2014-05-01,psavert,7.4
2014-06-01,psavert,7.4
2014-07-01,psavert,7.5
2014-08-01,psavert,7.2
2014-09-01,psavert,7.4
2014-10-01,psavert,7.2
2014-11-01,psavert,7.3
2014-12-01,psavert,7.6
2015-01-01,psavert,7.7
2015-02-01,psavert,7.9
2015-03-01,psavert,7.4
2015-04-01,psavert,7.6
1967-07-01,uempmed,4.5
1967-08-01,uempmed,4.7
1967-09-01,uempmed,4.6
1967-10-01,uempmed,4.9
1967-11-01,uempmed,4.7
1967-12-01,uempmed,4.8
1968-01-01,uempmed,5.1
1968-02-01,uempmed,4.5
1968-03-01,uempmed,4.1
1968-04-01,uempmed,4.6
1968-05-01,uempmed,4.4
1968-06-01,uempmed,4.4
1968-07-01,uempmed,4.5
1968-08-01,uempmed,4.2
1968-09-01,uempmed,4.6
1968-10-01,uempmed,4.8
1968-11-01,uempmed,4.4
1968-12-01,uempmed,4.4
1969-01-01,uempmed,4.4
1969-02-01,uempmed,4.9
1969-03-01,uempmed,4
1969-04-01,uempmed,4
1969-05-01,uempmed,4.2
1969-06-01,uempmed,4.4
1969-07-01,uempmed,4.4
1969-08-01,uempmed,4.4
1969-09-01,uempmed,4.7
1969-10-01,uempmed,4.5
1969-11-01,uempmed,4.8
1969-12-01,uempmed,4.6
1970-01-01,uempmed,4.6
1970-02-01,uempmed,4.5
1970-03-01,uempmed,4.6
1970-04-01,uempmed,4.1
1970-05-01,uempmed,4.7
1970-06-01,uempmed,4.9
1970-07-01,uempmed,5.1
1970-08-01,uempmed,5.4
1970-09-01,uempmed,5.2
1970-10-01,uempmed,5.2
1970-11-01,uempmed,5.6
1970-12-01,uempmed,5.9
1971-01-01,uempmed,6.2
1971-02-01,uempmed,6.3
1971-03-01,uempmed,6.4
1971-04-01,uempmed,6.5
1971-05-01,uempmed,6.7
1971-06-01,uempmed,5.7
1971-07-01,uempmed,6.2
1971-08-01,uempmed,6.4
1971-09-01,uempmed,5.8
1971-10-01,uempmed,6.5
1971-11-01,uempmed,6.4
1971-12-01,uempmed,6.2
1972-01-01,uempmed,6.2
1972-02-01,uempmed,6.6
1972-03-01,uempmed,6.6
1972-04-01,uempmed,6.7
1972-05-01,uempmed,6.6
1972-06-01,uempmed,5.4
1972-07-01,uempmed,6.1
1972-08-01,uempmed,6
1972-09-01,uempmed,5.6
1972-10-01,uempmed,5.7
1972-11-01,uempmed,5.7
1972-12-01,uempmed,6.1
1973-01-01,uempmed,5.7
1973-02-01,uempmed,5.2
1973-03-01,uempmed,5.5
1973-04-01,uempmed,5
1973-05-01,uempmed,4.9
1973-06-01,uempmed,5
1973-07-01,uempmed,5.2
1973-08-01,uempmed,4.9
1973-09-01,uempmed,5.4
1973-10-01,uempmed,5.5
1973-11-01,uempmed,5.1
1973-12-01,uempmed,4.7
1974-01-01,uempmed,5
1974-02-01,uempmed,5.1
1974-03-01,uempmed,4.8
1974-04-01,uempmed,5
1974-05-01,uempmed,4.6
1974-06-01,uempmed,5.3
1974-07-01,uempmed,5.7
1974-08-01,uempmed,5
1974-09-01,uempmed,5.3
1974-10-01,uempmed,5.5
1974-11-01,uempmed,5.2
1974-12-01,uempmed,5.7
1975-01-01,uempmed,6.3
1975-02-01,uempmed,7.1
1975-03-01,uempmed,7.2
1975-04-01,uempmed,8.7
1975-05-01,uempmed,9.4
1975-06-01,uempmed,8.8
1975-07-01,uempmed,8.6
1975-08-01,uempmed,9.2
1975-09-01,uempmed,9.2
1975-10-01,uempmed,8.6
1975-11-01,uempmed,9.5
1975-12-01,uempmed,9
1976-01-01,uempmed,9
1976-02-01,uempmed,8.2
1976-03-01,uempmed,8.7
1976-04-01,uempmed,8.2
1976-05-01,uempmed,8.3
1976-06-01,uempmed,7.8
1976-07-01,uempmed,7.7
1976-08-01,uempmed,7.9
1976-09-01,uempmed,7.8
1976-10-01,uempmed,7.7
1976-11-01,uempmed,8.4
1976-12-01,uempmed,8
1977-01-01,uempmed,7.5
1977-02-01,uempmed,7.2
1977-03-01,uempmed,7.2
1977-04-01,uempmed,7.3
1977-05-01,uempmed,7.9
1977-06-01,uempmed,6.2
1977-07-01,uempmed,7.1
1977-08-01,uempmed,7
1977-09-01,uempmed,6.7
1977-10-01,uempmed,6.9
1977-11-01,uempmed,7
1977-12-01,uempmed,6.8
1978-01-01,uempmed,6.5
1978-02-01,uempmed,6.7
1978-03-01,uempmed,6.2
1978-04-01,uempmed,6.1
1978-05-01,uempmed,5.7
1978-06-01,uempmed,6
1978-07-01,uempmed,5.8
1978-08-01,uempmed,5.8
1978-09-01,uempmed,5.6
1978-10-01,uempmed,5.9
1978-11-01,uempmed,5.5
1978-12-01,uempmed,5.6
1979-01-01,uempmed,5.9
1979-02-01,uempmed,5.9
1979-03-01,uempmed,5.9
1979-04-01,uempmed,5.4
1979-05-01,uempmed,5.6
1979-06-01,uempmed,5.6
1979-07-01,uempmed,5.9
1979-08-01,uempmed,4.8
1979-09-01,uempmed,5.5
1979-10-01,uempmed,5.5
1979-11-01,uempmed,5.3
1979-12-01,uempmed,5.7
1980-01-01,uempmed,5.3
1980-02-01,uempmed,5.8
1980-03-01,uempmed,6
1980-04-01,uempmed,5.8
1980-05-01,uempmed,5.7
1980-06-01,uempmed,6.4
1980-07-01,uempmed,7
1980-08-01,uempmed,7.5
1980-09-01,uempmed,7.7
1980-10-01,uempmed,7.5
1980-11-01,uempmed,7.7
1980-12-01,uempmed,7.5
1981-01-01,uempmed,7.4
1981-02-01,uempmed,7.1
1981-03-01,uempmed,7.1
1981-04-01,uempmed,7.4
1981-05-01,uempmed,6.9
1981-06-01,uempmed,6.6
1981-07-01,uempmed,7.1
1981-08-01,uempmed,7.2
1981-09-01,uempmed,6.8
1981-10-01,uempmed,6.8
1981-11-01,uempmed,6.9
1981-12-01,uempmed,6.9
1982-01-01,uempmed,7.1
1982-02-01,uempmed,7.5
1982-03-01,uempmed,7.7
1982-04-01,uempmed,8.1
1982-05-01,uempmed,8.5
1982-06-01,uempmed,9.5
1982-07-01,uempmed,8.5
1982-08-01,uempmed,8.7
1982-09-01,uempmed,9.5
1982-10-01,uempmed,9.7
1982-11-01,uempmed,10
1982-12-01,uempmed,10.2
1983-01-01,uempmed,11.1
1983-02-01,uempmed,9.8
1983-03-01,uempmed,10.4
1983-04-01,uempmed,10.9
1983-05-01,uempmed,12.3
1983-06-01,uempmed,11.3
1983-07-01,uempmed,10.1
1983-08-01,uempmed,9.3
1983-09-01,uempmed,9.3
1983-10-01,uempmed,9.4
1983-11-01,uempmed,9.3
1983-12-01,uempmed,8.7
1984-01-01,uempmed,9.1
1984-02-01,uempmed,8.3
1984-03-01,uempmed,8.3
1984-04-01,uempmed,8.2
1984-05-01,uempmed,9.1
1984-06-01,uempmed,7.5
1984-07-01,uempmed,7.5
1984-08-01,uempmed,7.3
1984-09-01,uempmed,7.6
1984-10-01,uempmed,7.2
1984-11-01,uempmed,7.2
1984-12-01,uempmed,7.3
1985-01-01,uempmed,6.8
1985-02-01,uempmed,7.1
1985-03-01,uempmed,7.1
1985-04-01,uempmed,6.9
1985-05-01,uempmed,6.9
1985-06-01,uempmed,6.6
1985-07-01,uempmed,6.9
1985-08-01,uempmed,7.1
1985-09-01,uempmed,6.9
1985-10-01,uempmed,7.1
1985-11-01,uempmed,7
1985-12-01,uempmed,6.8
1986-01-01,uempmed,6.7
1986-02-01,uempmed,6.9
1986-03-01,uempmed,6.8
1986-04-01,uempmed,6.7
1986-05-01,uempmed,6.8
1986-06-01,uempmed,7
1986-07-01,uempmed,6.9
1986-08-01,uempmed,7.1
1986-09-01,uempmed,7.4
1986-10-01,uempmed,7
1986-11-01,uempmed,7.1
1986-12-01,uempmed,7.1
1987-01-01,uempmed,6.9
1987-02-01,uempmed,6.6
1987-03-01,uempmed,6.6
1987-04-01,uempmed,7.1
1987-05-01,uempmed,6.6
1987-06-01,uempmed,6.5
1987-07-01,uempmed,6.5
1987-08-01,uempmed,6.4
1987-09-01,uempmed,6
1987-10-01,uempmed,6.3
1987-11-01,uempmed,6.2
1987-12-01,uempmed,6
1988-01-01,uempmed,6.2
1988-02-01,uempmed,6.3
1988-03-01,uempmed,6.4
1988-04-01,uempmed,5.9
1988-05-01,uempmed,5.9
1988-06-01,uempmed,5.8
1988-07-01,uempmed,6.1
1988-08-01,uempmed,5.9
1988-09-01,uempmed,5.7
1988-10-01,uempmed,5.6
1988-11-01,uempmed,5.7
1988-12-01,uempmed,5.9
1989-01-01,uempmed,5.6
1989-02-01,uempmed,5.4
1989-03-01,uempmed,5.4
1989-04-01,uempmed,5.4
1989-05-01,uempmed,5.3
1989-06-01,uempmed,5.4
1989-07-01,uempmed,5.6
1989-08-01,uempmed,5
1989-09-01,uempmed,4.9
1989-10-01,uempmed,4.9
1989-11-01,uempmed,4.8
1989-12-01,uempmed,4.9
1990-01-01,uempmed,5.1
1990-02-01,uempmed,5.3
1990-03-01,uempmed,5.1
1990-04-01,uempmed,4.8
1990-05-01,uempmed,5.2
1990-06-01,uempmed,5.2
1990-07-01,uempmed,5.4
1990-08-01,uempmed,5.4
1990-09-01,uempmed,5.6
1990-10-01,uempmed,5.8
1990-11-01,uempmed,5.7
1990-12-01,uempmed,5.9
1991-01-01,uempmed,6
1991-02-01,uempmed,6.2
1991-03-01,uempmed,6.7
1991-04-01,uempmed,6.6
1991-05-01,uempmed,6.4
1991-06-01,uempmed,6.9
1991-07-01,uempmed,7
1991-08-01,uempmed,7.3
1991-09-01,uempmed,6.8
1991-10-01,uempmed,7.2
1991-11-01,uempmed,7.5
1991-12-01,uempmed,7.8
1992-01-01,uempmed,8.1
1992-02-01,uempmed,8.2
1992-03-01,uempmed,8.3
1992-04-01,uempmed,8.5
1992-05-01,uempmed,8.8
1992-06-01,uempmed,8.7
1992-07-01,uempmed,8.6
1992-08-01,uempmed,8.8
1992-09-01,uempmed,8.6
1992-10-01,uempmed,9
1992-11-01,uempmed,9
1992-12-01,uempmed,9.3
1993-01-01,uempmed,8.6
1993-02-01,uempmed,8.5
1993-03-01,uempmed,8.5
1993-04-01,uempmed,8.4
1993-05-01,uempmed,8.1
1993-06-01,uempmed,8.3
1993-07-01,uempmed,8.2
1993-08-01,uempmed,8.2
1993-09-01,uempmed,8.3
1993-10-01,uempmed,8
1993-11-01,uempmed,8.3
1993-12-01,uempmed,8.3
1994-01-01,uempmed,8.6
1994-02-01,uempmed,9.2
1994-03-01,uempmed,9.3
1994-04-01,uempmed,9.1
1994-05-01,uempmed,9.2
1994-06-01,uempmed,9.3
1994-07-01,uempmed,9
1994-08-01,uempmed,8.9
1994-09-01,uempmed,9.2
1994-10-01,uempmed,10
1994-11-01,uempmed,9
1994-12-01,uempmed,8.7
1995-01-01,uempmed,8
1995-02-01,uempmed,8.1
1995-03-01,uempmed,8.3
1995-04-01,uempmed,8.3
1995-05-01,uempmed,9.1
1995-06-01,uempmed,7.9
1995-07-01,uempmed,8.5
1995-08-01,uempmed,8.3
1995-09-01,uempmed,7.9
1995-10-01,uempmed,8.2
1995-11-01,uempmed,8
1995-12-01,uempmed,8.3
1996-01-01,uempmed,8.3
1996-02-01,uempmed,7.8
1996-03-01,uempmed,8.3
1996-04-01,uempmed,8.6
1996-05-01,uempmed,8.6
1996-06-01,uempmed,8.3
1996-07-01,uempmed,8.3
1996-08-01,uempmed,8.4
1996-09-01,uempmed,8.5
1996-10-01,uempmed,8.3
1996-11-01,uempmed,7.7
1996-12-01,uempmed,7.8
1997-01-01,uempmed,7.8
1997-02-01,uempmed,8.1
1997-03-01,uempmed,7.9
1997-04-01,uempmed,8.3
1997-05-01,uempmed,8
1997-06-01,uempmed,8
1997-07-01,uempmed,8.3
1997-08-01,uempmed,7.8
1997-09-01,uempmed,8.2
1997-10-01,uempmed,7.7
1997-11-01,uempmed,7.6
1997-12-01,uempmed,7.5
1998-01-01,uempmed,7.4
1998-02-01,uempmed,7
1998-03-01,uempmed,6.8
1998-04-01,uempmed,6.7
1998-05-01,uempmed,6
1998-06-01,uempmed,6.9
1998-07-01,uempmed,6.7
1998-08-01,uempmed,6.8
1998-09-01,uempmed,6.7
1998-10-01,uempmed,5.8
1998-11-01,uempmed,6.6
1998-12-01,uempmed,6.8
1999-01-01,uempmed,6.9
1999-02-01,uempmed,6.8
1999-03-01,uempmed,6.8
1999-04-01,uempmed,6.2
1999-05-01,uempmed,6.5
1999-06-01,uempmed,6.3
1999-07-01,uempmed,5.8
1999-08-01,uempmed,6.5
1999-09-01,uempmed,6
1999-10-01,uempmed,6.1
1999-11-01,uempmed,6.2
1999-12-01,uempmed,5.8
2000-01-01,uempmed,5.8
2000-02-01,uempmed,6.1
2000-03-01,uempmed,6
2000-04-01,uempmed,6.1
2000-05-01,uempmed,5.8
2000-06-01,uempmed,5.7
2000-07-01,uempmed,6
2000-08-01,uempmed,6.3
2000-09-01,uempmed,5.2
2000-10-01,uempmed,6.1
2000-11-01,uempmed,6.1
2000-12-01,uempmed,6
2001-01-01,uempmed,5.8
2001-02-01,uempmed,6.1
2001-03-01,uempmed,6.6
2001-04-01,uempmed,5.9
2001-05-01,uempmed,6.3
2001-06-01,uempmed,6
2001-07-01,uempmed,6.8
2001-08-01,uempmed,6.9
2001-09-01,uempmed,7.2
2001-10-01,uempmed,7.3
2001-11-01,uempmed,7.7
2001-12-01,uempmed,8.2
2002-01-01,uempmed,8.4
2002-02-01,uempmed,8.3
2002-03-01,uempmed,8.4
2002-04-01,uempmed,8.9
2002-05-01,uempmed,9.5
2002-06-01,uempmed,11
2002-07-01,uempmed,8.9
2002-08-01,uempmed,9
2002-09-01,uempmed,9.5
2002-10-01,uempmed,9.6
2002-11-01,uempmed,9.3
2002-12-01,uempmed,9.6
2003-01-01,uempmed,9.6
2003-02-01,uempmed,9.5
2003-03-01,uempmed,9.7
2003-04-01,uempmed,10.2
2003-05-01,uempmed,9.9
2003-06-01,uempmed,11.5
2003-07-01,uempmed,10.3
2003-08-01,uempmed,10.1
2003-09-01,uempmed,10.2
2003-10-01,uempmed,10.4
2003-11-01,uempmed,10.3
2003-12-01,uempmed,10.4
2004-01-01,uempmed,10.6
2004-02-01,uempmed,10.2
2004-03-01,uempmed,10.2
2004-04-01,uempmed,9.5
2004-05-01,uempmed,9.9
2004-06-01,uempmed,11
2004-07-01,uempmed,8.9
2004-08-01,uempmed,9.2
2004-09-01,uempmed,9.6
2004-10-01,uempmed,9.5
2004-11-01,uempmed,9.7
2004-12-01,uempmed,9.5
2005-01-01,uempmed,9.4
2005-02-01,uempmed,9.2
2005-03-01,uempmed,9.3
2005-04-01,uempmed,9
2005-05-01,uempmed,9.1
2005-06-01,uempmed,9
2005-07-01,uempmed,8.8
2005-08-01,uempmed,9.2
2005-09-01,uempmed,8.4
2005-10-01,uempmed,8.6
2005-11-01,uempmed,8.5
2005-12-01,uempmed,8.7
2006-01-01,uempmed,8.6
2006-02-01,uempmed,9.1
2006-03-01,uempmed,8.7
2006-04-01,uempmed,8.4
2006-05-01,uempmed,8.5
2006-06-01,uempmed,7.3
2006-07-01,uempmed,8
2006-08-01,uempmed,8.4
2006-09-01,uempmed,8
2006-10-01,uempmed,7.9
2006-11-01,uempmed,8.3
2006-12-01,uempmed,7.5
2007-01-01,uempmed,8.3
2007-02-01,uempmed,8.5
2007-03-01,uempmed,9.1
2007-04-01,uempmed,8.6
2007-05-01,uempmed,8.2
2007-06-01,uempmed,7.7
2007-07-01,uempmed,8.7
2007-08-01,uempmed,8.8
2007-09-01,uempmed,8.7
2007-10-01,uempmed,8.4
2007-11-01,uempmed,8.6
2007-12-01,uempmed,8.4
2008-01-01,uempmed,9
2008-02-01,uempmed,8.7
2008-03-01,uempmed,8.7
2008-04-01,uempmed,9.4
2008-05-01,uempmed,7.9
2008-06-01,uempmed,9
2008-07-01,uempmed,9.7
2008-08-01,uempmed,9.7
2008-09-01,uempmed,10.2
2008-10-01,uempmed,10.4
2008-11-01,uempmed,9.8
2008-12-01,uempmed,10.5
2009-01-01,uempmed,10.7
2009-02-01,uempmed,11.7
2009-03-01,uempmed,12.3
2009-04-01,uempmed,13.1
2009-05-01,uempmed,14.2
2009-06-01,uempmed,17.2
2009-07-01,uempmed,16
2009-08-01,uempmed,16.3
2009-09-01,uempmed,17.8
2009-10-01,uempmed,18.9
2009-11-01,uempmed,19.8
2009-12-01,uempmed,20.1
2010-01-01,uempmed,20
2010-02-01,uempmed,19.9
2010-03-01,uempmed,20.4
2010-04-01,uempmed,22.1
2010-05-01,uempmed,22.3
2010-06-01,uempmed,25.2
2010-07-01,uempmed,22.3
2010-08-01,uempmed,21
2010-09-01,uempmed,20.3
2010-10-01,uempmed,21.2
2010-11-01,uempmed,21
2010-12-01,uempmed,21.9
2011-01-01,uempmed,21.5
2011-02-01,uempmed,21.1
2011-03-01,uempmed,21.5
2011-04-01,uempmed,20.9
2011-05-01,uempmed,21.6
2011-06-01,uempmed,22.4
2011-07-01,uempmed,22
2011-08-01,uempmed,22.4
2011-09-01,uempmed,22
2011-10-01,uempmed,20.6
2011-11-01,uempmed,20.8
2011-12-01,uempmed,20.5
2012-01-01,uempmed,20.8
2012-02-01,uempmed,19.7
2012-03-01,uempmed,19.2
2012-04-01,uempmed,19.1
2012-05-01,uempmed,19.9
2012-06-01,uempmed,20.4
2012-07-01,uempmed,17.5
2012-08-01,uempmed,18.4
2012-09-01,uempmed,18.8
2012-10-01,uempmed,19.9
2012-11-01,uempmed,18.6
2012-12-01,uempmed,17.7
2013-01-01,uempmed,15.8
2013-02-01,uempmed,17.2
2013-03-01,uempmed,17.6
2013-04-01,uempmed,17.1
2013-05-01,uempmed,17.1
2013-06-01,uempmed,17
2013-07-01,uempmed,16.2
2013-08-01,uempmed,16.5
2013-09-01,uempmed,16.5
2013-10-01,uempmed,16.3
2013-11-01,uempmed,17.1
2013-12-01,uempmed,17.3
2014-01-01,uempmed,15.4
2014-02-01,uempmed,15.9
2014-03-01,uempmed,15.8
2014-04-01,uempmed,15.7
2014-05-01,uempmed,14.6
2014-06-01,uempmed,13.8
2014-07-01,uempmed,13.1
2014-08-01,uempmed,12.9
2014-09-01,uempmed,13.4
2014-10-01,uempmed,13.6
2014-11-01,uempmed,13
2014-12-01,uempmed,12.9
2015-01-01,uempmed,13.2
2015-02-01,uempmed,12.9
2015-03-01,uempmed,12
2015-04-01,uempmed,11.5
1967-07-01,unemploy,2944
1967-08-01,unemploy,2945
1967-09-01,unemploy,2958
1967-10-01,unemploy,3143
1967-11-01,unemploy,3066
1967-12-01,unemploy,3018
1968-01-01,unemploy,2878
1968-02-01,unemploy,3001
1968-03-01,unemploy,2877
1968-04-01,unemploy,2709
1968-05-01,unemploy,2740
1968-06-01,unemploy,2938
1968-07-01,unemploy,2883
1968-08-01,unemploy,2768
1968-09-01,unemploy,2686
1968-10-01,unemploy,2689
1968-11-01,unemploy,2715
1968-12-01,unemploy,2685
1969-01-01,unemploy,2718
1969-02-01,unemploy,2692
1969-03-01,unemploy,2712
1969-04-01,unemploy,2758
1969-05-01,unemploy,2713
1969-06-01,unemploy,2816
1969-07-01,unemploy,2868
1969-08-01,unemploy,2856
1969-09-01,unemploy,3040
1969-10-01,unemploy,3049
1969-11-01,unemploy,2856
1969-12-01,unemploy,2884
1970-01-01,unemploy,3201
1970-02-01,unemploy,3453
1970-03-01,unemploy,3635
1970-04-01,unemploy,3797
1970-05-01,unemploy,3919
1970-06-01,unemploy,4071
1970-07-01,unemploy,4175
1970-08-01,unemploy,4256
1970-09-01,unemploy,4456
1970-10-01,unemploy,4591
1970-11-01,unemploy,4898
1970-12-01,unemploy,5076
1971-01-01,unemploy,4986
1971-02-01,unemploy,4903
1971-03-01,unemploy,4987
1971-04-01,unemploy,4959
1971-05-01,unemploy,4996
1971-06-01,unemploy,4949
1971-07-01,unemploy,5035
1971-08-01,unemploy,5134
1971-09-01,unemploy,5042
1971-10-01,unemploy,4954
1971-11-01,unemploy,5161
1971-12-01,unemploy,5154
1972-01-01,unemploy,5019
1972-02-01,unemploy,4928
1972-03-01,unemploy,5038
1972-04-01,unemploy,4959
1972-05-01,unemploy,4922
1972-06-01,unemploy,4923
1972-07-01,unemploy,4913
1972-08-01,unemploy,4939
1972-09-01,unemploy,4849
1972-10-01,unemploy,4875
1972-11-01,unemploy,4602
1972-12-01,unemploy,4543
1973-01-01,unemploy,4326
1973-02-01,unemploy,4452
1973-03-01,unemploy,4394
1973-04-01,unemploy,4459
1973-05-01,unemploy,4329
1973-06-01,unemploy,4363
1973-07-01,unemploy,4305
1973-08-01,unemploy,4305
1973-09-01,unemploy,4350
1973-10-01,unemploy,4144
1973-11-01,unemploy,4396
1973-12-01,unemploy,4489
1974-01-01,unemploy,4644
1974-02-01,unemploy,4731
1974-03-01,unemploy,4634
1974-04-01,unemploy,4618
1974-05-01,unemploy,4705
1974-06-01,unemploy,4927
1974-07-01,unemploy,5063
1974-08-01,unemploy,5022
1974-09-01,unemploy,5437
1974-10-01,unemploy,5523
1974-11-01,unemploy,6140
1974-12-01,unemploy,6636
1975-01-01,unemploy,7501
1975-02-01,unemploy,7520
1975-03-01,unemploy,7978
1975-04-01,unemploy,8210
1975-05-01,unemploy,8433
1975-06-01,unemploy,8220
1975-07-01,unemploy,8127
1975-08-01,unemploy,7928
1975-09-01,unemploy,7923
1975-10-01,unemploy,7897
1975-11-01,unemploy,7794
1975-12-01,unemploy,7744
1976-01-01,unemploy,7534
1976-02-01,unemploy,7326
1976-03-01,unemploy,7230
1976-04-01,unemploy,7330
1976-05-01,unemploy,7053
1976-06-01,unemploy,7322
1976-07-01,unemploy,7490
1976-08-01,unemploy,7518
1976-09-01,unemploy,7380
1976-10-01,unemploy,7430
1976-11-01,unemploy,7620
1976-12-01,unemploy,7545
1977-01-01,unemploy,7280
1977-02-01,unemploy,7443
1977-03-01,unemploy,7307
1977-04-01,unemploy,7059
1977-05-01,unemploy,6911
1977-06-01,unemploy,7134
1977-07-01,unemploy,6829
1977-08-01,unemploy,6925
1977-09-01,unemploy,6751
1977-10-01,unemploy,6763
1977-11-01,unemploy,6815
1977-12-01,unemploy,6386
1978-01-01,unemploy,6489
1978-02-01,unemploy,6318
1978-03-01,unemploy,6337
1978-04-01,unemploy,6180
1978-05-01,unemploy,6127
1978-06-01,unemploy,6028
1978-07-01,unemploy,6309
1978-08-01,unemploy,6080
1978-09-01,unemploy,6125
1978-10-01,unemploy,5947
1978-11-01,unemploy,6077
1978-12-01,unemploy,6228
1979-01-01,unemploy,6109
1979-02-01,unemploy,6173
1979-03-01,unemploy,6109
1979-04-01,unemploy,6069
1979-05-01,unemploy,5840
1979-06-01,unemploy,5959
1979-07-01,unemploy,5996
1979-08-01,unemploy,6320
1979-09-01,unemploy,6190
1979-10-01,unemploy,6296
1979-11-01,unemploy,6238
1979-12-01,unemploy,6325
1980-01-01,unemploy,6683
1980-02-01,unemploy,6702
1980-03-01,unemploy,6729
1980-04-01,unemploy,7358
1980-05-01,unemploy,7984
1980-06-01,unemploy,8098
1980-07-01,unemploy,8363
1980-08-01,unemploy,8281
1980-09-01,unemploy,8021
1980-10-01,unemploy,8088
1980-11-01,unemploy,8023
1980-12-01,unemploy,7718
1981-01-01,unemploy,8071
1981-02-01,unemploy,8051
1981-03-01,unemploy,7982
1981-04-01,unemploy,7869
1981-05-01,unemploy,8174
1981-06-01,unemploy,8098
1981-07-01,unemploy,7863
1981-08-01,unemploy,8036
1981-09-01,unemploy,8230
1981-10-01,unemploy,8646
1981-11-01,unemploy,9029
1981-12-01,unemploy,9267
1982-01-01,unemploy,9397
1982-02-01,unemploy,9705
1982-03-01,unemploy,9895
1982-04-01,unemploy,10244
1982-05-01,unemploy,10335
1982-06-01,unemploy,10538
1982-07-01,unemploy,10849
1982-08-01,unemploy,10881
1982-09-01,unemploy,11217
1982-10-01,unemploy,11529
1982-11-01,unemploy,11938
1982-12-01,unemploy,12051
1983-01-01,unemploy,11534
1983-02-01,unemploy,11545
1983-03-01,unemploy,11408
1983-04-01,unemploy,11268
1983-05-01,unemploy,11154
1983-06-01,unemploy,11246
1983-07-01,unemploy,10548
1983-08-01,unemploy,10623
1983-09-01,unemploy,10282
1983-10-01,unemploy,9887
1983-11-01,unemploy,9499
1983-12-01,unemploy,9331
1984-01-01,unemploy,9008
1984-02-01,unemploy,8791
1984-03-01,unemploy,8746
1984-04-01,unemploy,8762
1984-05-01,unemploy,8456
1984-06-01,unemploy,8226
1984-07-01,unemploy,8537
1984-08-01,unemploy,8519
1984-09-01,unemploy,8367
1984-10-01,unemploy,8381
1984-11-01,unemploy,8198
1984-12-01,unemploy,8358
1985-01-01,unemploy,8423
1985-02-01,unemploy,8321
1985-03-01,unemploy,8339
1985-04-01,unemploy,8395
1985-05-01,unemploy,8302
1985-06-01,unemploy,8460
1985-07-01,unemploy,8513
1985-08-01,unemploy,8196
1985-09-01,unemploy,8248
1985-10-01,unemploy,8298
1985-11-01,unemploy,8128
1985-12-01,unemploy,8138
1986-01-01,unemploy,7795
1986-02-01,unemploy,8402
1986-03-01,unemploy,8383
1986-04-01,unemploy,8364
1986-05-01,unemploy,8439
1986-06-01,unemploy,8508
1986-07-01,unemploy,8319
1986-08-01,unemploy,8135
1986-09-01,unemploy,8310
1986-10-01,unemploy,8243
1986-11-01,unemploy,8159
1986-12-01,unemploy,7883
1987-01-01,unemploy,7892
1987-02-01,unemploy,7865
1987-03-01,unemploy,7862
1987-04-01,unemploy,7542
1987-05-01,unemploy,7574
1987-06-01,unemploy,7398
1987-07-01,unemploy,7268
1987-08-01,unemploy,7261
1987-09-01,unemploy,7102
1987-10-01,unemploy,7227
1987-11-01,unemploy,7035
1987-12-01,unemploy,6936
1988-01-01,unemploy,6953
1988-02-01,unemploy,6929
1988-03-01,unemploy,6876
1988-04-01,unemploy,6601
1988-05-01,unemploy,6779
1988-06-01,unemploy,6546
1988-07-01,unemploy,6605
1988-08-01,unemploy,6843
1988-09-01,unemploy,6604
1988-10-01,unemploy,6568
1988-11-01,unemploy,6537
1988-12-01,unemploy,6518
1989-01-01,unemploy,6682
1989-02-01,unemploy,6359
1989-03-01,unemploy,6205
1989-04-01,unemploy,6468
1989-05-01,unemploy,6375
1989-06-01,unemploy,6577
1989-07-01,unemploy,6495
1989-08-01,unemploy,6511
1989-09-01,unemploy,6590
1989-10-01,unemploy,6630
1989-11-01,unemploy,6725
1989-12-01,unemploy,6667
1990-01-01,unemploy,6752
1990-02-01,unemploy,6651
1990-03-01,unemploy,6598
1990-04-01,unemploy,6797
1990-05-01,unemploy,6742
1990-06-01,unemploy,6590
1990-07-01,unemploy,6922
1990-08-01,unemploy,7188
1990-09-01,unemploy,7368
1990-10-01,unemploy,7459
1990-11-01,unemploy,7764
1990-12-01,unemploy,7901
1991-01-01,unemploy,8015
1991-02-01,unemploy,8265
1991-03-01,unemploy,8586
1991-04-01,unemploy,8439
1991-05-01,unemploy,8736
1991-06-01,unemploy,8692
1991-07-01,unemploy,8586
1991-08-01,unemploy,8666
1991-09-01,unemploy,8722
1991-10-01,unemploy,8842
1991-11-01,unemploy,8931
1991-12-01,unemploy,9198
1992-01-01,unemploy,9283
1992-02-01,unemploy,9454
1992-03-01,unemploy,9460
1992-04-01,unemploy,9415
1992-05-01,unemploy,9744
1992-06-01,unemploy,10040
1992-07-01,unemploy,9850
1992-08-01,unemploy,9787
1992-09-01,unemploy,9781
1992-10-01,unemploy,9398
1992-11-01,unemploy,9565
1992-12-01,unemploy,9557
1993-01-01,unemploy,9325
1993-02-01,unemploy,9183
1993-03-01,unemploy,9056
1993-04-01,unemploy,9110
1993-05-01,unemploy,9149
1993-06-01,unemploy,9121
1993-07-01,unemploy,8930
1993-08-01,unemploy,8763
1993-09-01,unemploy,8714
1993-10-01,unemploy,8750
1993-11-01,unemploy,8542
1993-12-01,unemploy,8477
1994-01-01,unemploy,8630
1994-02-01,unemploy,8583
1994-03-01,unemploy,8470
1994-04-01,unemploy,8331
1994-05-01,unemploy,7915
1994-06-01,unemploy,7927
1994-07-01,unemploy,7946
1994-08-01,unemploy,7933
1994-09-01,unemploy,7734
1994-10-01,unemploy,7632
1994-11-01,unemploy,7375
1994-12-01,unemploy,7230
1995-01-01,unemploy,7375
1995-02-01,unemploy,7187
1995-03-01,unemploy,7153
1995-04-01,unemploy,7645
1995-05-01,unemploy,7430
1995-06-01,unemploy,7427
1995-07-01,unemploy,7527
1995-08-01,unemploy,7484
1995-09-01,unemploy,7478
1995-10-01,unemploy,7328
1995-11-01,unemploy,7426
1995-12-01,unemploy,7423
1996-01-01,unemploy,7491
1996-02-01,unemploy,7313
1996-03-01,unemploy,7318
1996-04-01,unemploy,7415
1996-05-01,unemploy,7423
1996-06-01,unemploy,7095
1996-07-01,unemploy,7337
1996-08-01,unemploy,6882
1996-09-01,unemploy,6979
1996-10-01,unemploy,7031
1996-11-01,unemploy,7236
1996-12-01,unemploy,7253
1997-01-01,unemploy,7158
1997-02-01,unemploy,7102
1997-03-01,unemploy,7000
1997-04-01,unemploy,6873
1997-05-01,unemploy,6655
1997-06-01,unemploy,6799
1997-07-01,unemploy,6655
1997-08-01,unemploy,6608
1997-09-01,unemploy,6656
1997-10-01,unemploy,6454
1997-11-01,unemploy,6308
1997-12-01,unemploy,6476
1998-01-01,unemploy,6368
1998-02-01,unemploy,6306
1998-03-01,unemploy,6422
1998-04-01,unemploy,5941
1998-05-01,unemploy,6047
1998-06-01,unemploy,6212
1998-07-01,unemploy,6259
1998-08-01,unemploy,6179
1998-09-01,unemploy,6300
1998-10-01,unemploy,6280
1998-11-01,unemploy,6100
1998-12-01,unemploy,6032
1999-01-01,unemploy,5976
1999-02-01,unemploy,6111
1999-03-01,unemploy,5783
1999-04-01,unemploy,6004
1999-05-01,unemploy,5796
1999-06-01,unemploy,5951
1999-07-01,unemploy,6025
1999-08-01,unemploy,5838
1999-09-01,unemploy,5915
1999-10-01,unemploy,5778
1999-11-01,unemploy,5716
1999-12-01,unemploy,5653
2000-01-01,unemploy,5708
2000-02-01,unemploy,5858
2000-03-01,unemploy,5733
2000-04-01,unemploy,5481
2000-05-01,unemploy,5758
2000-06-01,unemploy,5651
2000-07-01,unemploy,5747
2000-08-01,unemploy,5853
2000-09-01,unemploy,5625
2000-10-01,unemploy,5534
2000-11-01,unemploy,5639
2000-12-01,unemploy,5634
2001-01-01,unemploy,6023
2001-02-01,unemploy,6089
2001-03-01,unemploy,6141
2001-04-01,unemploy,6271
2001-05-01,unemploy,6226
2001-06-01,unemploy,6484
2001-07-01,unemploy,6583
2001-08-01,unemploy,7042
2001-09-01,unemploy,7142
2001-10-01,unemploy,7694
2001-11-01,unemploy,8003
2001-12-01,unemploy,8258
2002-01-01,unemploy,8182
2002-02-01,unemploy,8215
2002-03-01,unemploy,8304
2002-04-01,unemploy,8599
2002-05-01,unemploy,8399
2002-06-01,unemploy,8393
2002-07-01,unemploy,8390
2002-08-01,unemploy,8304
2002-09-01,unemploy,8251
2002-10-01,unemploy,8307
2002-11-01,unemploy,8520
2002-12-01,unemploy,8640
2003-01-01,unemploy,8520
2003-02-01,unemploy,8618
2003-03-01,unemploy,8588
2003-04-01,unemploy,8842
2003-05-01,unemploy,8957
2003-06-01,unemploy,9266
2003-07-01,unemploy,9011
2003-08-01,unemploy,8896
2003-09-01,unemploy,8921
2003-10-01,unemploy,8732
2003-11-01,unemploy,8576
2003-12-01,unemploy,8317
2004-01-01,unemploy,8370
2004-02-01,unemploy,8167
2004-03-01,unemploy,8491
2004-04-01,unemploy,8170
2004-05-01,unemploy,8212
2004-06-01,unemploy,8286
2004-07-01,unemploy,8136
2004-08-01,unemploy,7990
2004-09-01,unemploy,7927
2004-10-01,unemploy,8061
2004-11-01,unemploy,7932
2004-12-01,unemploy,7934
2005-01-01,unemploy,7784
2005-02-01,unemploy,7980
2005-03-01,unemploy,7737
2005-04-01,unemploy,7672
2005-05-01,unemploy,7651
2005-06-01,unemploy,7524
2005-07-01,unemploy,7406
2005-08-01,unemploy,7345
2005-09-01,unemploy,7553
2005-10-01,unemploy,7453
2005-11-01,unemploy,7566
2005-12-01,unemploy,7279
2006-01-01,unemploy,7064
2006-02-01,unemploy,7184
2006-03-01,unemploy,7072
2006-04-01,unemploy,7120
2006-05-01,unemploy,6980
2006-06-01,unemploy,7001
2006-07-01,unemploy,7175
2006-08-01,unemploy,7091
2006-09-01,unemploy,6847
2006-10-01,unemploy,6727
2006-11-01,unemploy,6872
2006-12-01,unemploy,6762
2007-01-01,unemploy,7116
2007-02-01,unemploy,6927
2007-03-01,unemploy,6731
2007-04-01,unemploy,6850
2007-05-01,unemploy,6766
2007-06-01,unemploy,6979
2007-07-01,unemploy,7149
2007-08-01,unemploy,7067
2007-09-01,unemploy,7170
2007-10-01,unemploy,7237
2007-11-01,unemploy,7240
2007-12-01,unemploy,7645
2008-01-01,unemploy,7685
2008-02-01,unemploy,7497
2008-03-01,unemploy,7822
2008-04-01,unemploy,7637
2008-05-01,unemploy,8395
2008-06-01,unemploy,8575
2008-07-01,unemploy,8937
2008-08-01,unemploy,9438
2008-09-01,unemploy,9494
2008-10-01,unemploy,10074
2008-11-01,unemploy,10538
2008-12-01,unemploy,11286
2009-01-01,unemploy,12058
2009-02-01,unemploy,12898
2009-03-01,unemploy,13426
2009-04-01,unemploy,13853
2009-05-01,unemploy,14499
2009-06-01,unemploy,14707
2009-07-01,unemploy,14601
2009-08-01,unemploy,14814
2009-09-01,unemploy,15009
2009-10-01,unemploy,15352
2009-11-01,unemploy,15219
2009-12-01,unemploy,15098
2010-01-01,unemploy,15046
2010-02-01,unemploy,15113
2010-03-01,unemploy,15202
2010-04-01,unemploy,15325
2010-05-01,unemploy,14849
2010-06-01,unemploy,14474
2010-07-01,unemploy,14512
2010-08-01,unemploy,14648
2010-09-01,unemploy,14579
2010-10-01,unemploy,14516
2010-11-01,unemploy,15081
2010-12-01,unemploy,14348
2011-01-01,unemploy,14013
2011-02-01,unemploy,13820
2011-03-01,unemploy,13737
2011-04-01,unemploy,13957
2011-05-01,unemploy,13855
2011-06-01,unemploy,13962
2011-07-01,unemploy,13763
2011-08-01,unemploy,13818
2011-09-01,unemploy,13948
2011-10-01,unemploy,13594
2011-11-01,unemploy,13302
2011-12-01,unemploy,13093
2012-01-01,unemploy,12797
2012-02-01,unemploy,12813
2012-03-01,unemploy,12713
2012-04-01,unemploy,12646
2012-05-01,unemploy,12660
2012-06-01,unemploy,12692
2012-07-01,unemploy,12656
2012-08-01,unemploy,12471
2012-09-01,unemploy,12115
2012-10-01,unemploy,12124
2012-11-01,unemploy,12005
2012-12-01,unemploy,12298
2013-01-01,unemploy,12471
2013-02-01,unemploy,11950
2013-03-01,unemploy,11689
2013-04-01,unemploy,11760
2013-05-01,unemploy,11654
2013-06-01,unemploy,11751
2013-07-01,unemploy,11335
2013-08-01,unemploy,11279
2013-09-01,unemploy,11270
2013-10-01,unemploy,11136
2013-11-01,unemploy,10787
2013-12-01,unemploy,10404
2014-01-01,unemploy,10202
2014-02-01,unemploy,10349
2014-03-01,unemploy,10380
2014-04-01,unemploy,9702
2014-05-01,unemploy,9859
2014-06-01,unemploy,9460
2014-07-01,unemploy,9608
2014-08-01,unemploy,9599
2014-09-01,unemploy,9262
2014-10-01,unemploy,8990
2014-11-01,unemploy,9090
2014-12-01,unemploy,8717
2015-01-01,unemploy,8903
2015-02-01,unemploy,8610
2015-03-01,unemploy,8504
2015-04-01,unemploy,8526
